trustii_id,OUTCOME MACE,OUTCOME SEVERITY
1,0,0
2,0,2
3,0,0
4,1,2
5,1,2
6,0,2
7,1,1
8,1,2
9,1,0
10,0,0
11,1,0
12,0,2
13,1,0
14,0,0
15,1,2
16,0,2
17,1,1
18,1,0
19,0,0
20,0,0
21,0,0
22,1,0
23,0,2
24,1,2
25,0,2
26,1,0
27,0,1
28,0,0
29,1,2
30,1,0
31,0,2
32,0,0
33,0,0
34,1,0
35,1,0
36,0,0
37,0,0
38,0,0
39,0,0
40,0,2
41,1,0
42,0,2
43,1,0
44,1,2
45,1,0
46,1,0
47,0,0
48,1,0
49,0,0
50,0,0
51,0,2
52,1,1
53,1,0
54,1,0
55,0,0
56,0,0
57,0,0
58,1,0
59,1,2
60,1,2
61,1,0
62,0,0
63,0,0
64,0,2
65,0,0
66,0,2
67,0,0
68,0,0
69,0,2
70,0,0
71,0,0
72,0,0
73,1,2
74,0,0
75,1,1
76,1,2
77,0,0
78,0,0
79,0,0
80,0,0
81,1,0
82,1,0
83,0,0
84,1,0
85,1,2
86,0,2
87,0,0
88,0,2
89,0,0
90,1,0
91,0,0
92,1,0
93,1,0
94,1,2
95,1,1
96,1,0
97,0,0
98,1,0
99,0,0
100,1,1
101,1,2
102,1,0
103,0,0
104,1,0
105,1,2
106,1,2
107,0,0
108,0,0
109,1,0
110,0,2
111,1,2
112,0,0
113,0,1
114,1,0
115,1,0
116,0,1
117,0,0
118,0,0
119,0,0
120,0,0
121,0,2
122,1,0
123,1,0
124,0,2
125,0,1
126,0,0
127,1,0
128,1,2
129,1,2
130,0,0
131,1,2
132,1,0
133,1,0
134,0,0
135,1,0
136,0,0
137,1,2
138,0,0
139,0,0
140,1,1
141,1,0
142,0,1
143,0,0
144,0,0
145,0,1
146,1,0
147,0,0
148,0,2
149,0,0
